JmeterAccount1,JmeterAccount1
JmeterAccount2,JmeterAccount1
JmeterAccount3,JmeterAccount1
JmeterAccount4,JmeterAccount1
JmeterAccount5,JmeterAccount1
JmeterAccount6,JmeterAccount1
JmeterAccount7,JmeterAccount1
JmeterAccount8,JmeterAccount1
JmeterAccount9,JmeterAccount1
JmeterAccount10,JmeterAccount1
JmeterAccount11,JmeterAccount1
JmeterAccount12,JmeterAccount1
JmeterAccount13,JmeterAccount1
JmeterAccount14,JmeterAccount1
JmeterAccount15,JmeterAccount1
JmeterAccount16,JmeterAccount1
JmeterAccount17,JmeterAccount1
JmeterAccount18,JmeterAccount1
JmeterAccount19,JmeterAccount1
JmeterAccount20,JmeterAccount1
JmeterAccount21,JmeterAccount1
JmeterAccount22,JmeterAccount1
JmeterAccount23,JmeterAccount1
JmeterAccount24,JmeterAccount1
JmeterAccount25,JmeterAccount1
JmeterAccount26,JmeterAccount1
JmeterAccount27,JmeterAccount1
JmeterAccount28,JmeterAccount1
JmeterAccount29,JmeterAccount1
JmeterAccount30,JmeterAccount1
JmeterAccount31,JmeterAccount1
JmeterAccount32,JmeterAccount1
JmeterAccount33,JmeterAccount1
JmeterAccount34,JmeterAccount1
JmeterAccount35,JmeterAccount1
JmeterAccount36,JmeterAccount1
JmeterAccount37,JmeterAccount1
JmeterAccount38,JmeterAccount1
JmeterAccount39,JmeterAccount1
JmeterAccount40,JmeterAccount1
JmeterAccount41,JmeterAccount1
JmeterAccount42,JmeterAccount1
JmeterAccount43,JmeterAccount1
JmeterAccount44,JmeterAccount1
JmeterAccount45,JmeterAccount1
JmeterAccount46,JmeterAccount1
JmeterAccount47,JmeterAccount1
JmeterAccount48,JmeterAccount1
JmeterAccount49,JmeterAccount1
JmeterAccount50,JmeterAccount1
JmeterAccount51,JmeterAccount1
JmeterAccount52,JmeterAccount1
JmeterAccount53,JmeterAccount1
JmeterAccount54,JmeterAccount1
JmeterAccount55,JmeterAccount1
JmeterAccount56,JmeterAccount1
JmeterAccount57,JmeterAccount1
JmeterAccount58,JmeterAccount1
JmeterAccount59,JmeterAccount1
JmeterAccount60,JmeterAccount1